model,field,group,n,roc_auc,average_precision,brier,accuracy,precision,recall,f1,tn,fp,fn,tp,flagged,flag_rate,false_positive_rate
Week 5 logistic,gender,Female,399,0.6277847623837064,0.619051835905289,0.23911233372124766,0.5764411027568922,0.5621890547263682,0.5824742268041238,0.5721518987341773,117,88,81,113,201,0.5037593984962406,0.4292682926829268
Week 5 logistic,gender,Male,387,0.7036067325674593,0.7008554340158659,0.22030443792701643,0.6382428940568475,0.6190476190476191,0.6842105263157895,0.65,117,80,60,130,210,0.5426356589147286,0.40609137055837563
Week 5 logistic,gender,Prefer not to say,13,0.8666666666666667,0.8095238095238095,0.1768652697479456,0.6923076923076923,0.42857142857142855,1.0,0.6,6,4,0,3,7,0.5384615384615384,0.4
Week 5 logistic,age_group,18-24,99,0.6890894175553732,0.7467034112364412,0.2235849218000193,0.6262626262626263,0.6538461538461539,0.6415094339622641,0.6476190476190476,28,18,19,34,52,0.5252525252525253,0.391304347826087
Week 5 logistic,age_group,25-34,126,0.7138888888888889,0.6738788920531775,0.21970451493770696,0.6507936507936508,0.625,0.6666666666666666,0.6451612903225806,42,24,20,40,64,0.5079365079365079,0.36363636363636365
Week 5 logistic,age_group,35-44,129,0.6750241080038574,0.6840857849710834,0.22344944588817875,0.6356589147286822,0.647887323943662,0.6764705882352942,0.6618705035971223,36,25,22,46,71,0.5503875968992248,0.4098360655737705
Week 5 logistic,age_group,45-54,113,0.662907268170426,0.7008635751312594,0.2315575600639683,0.584070796460177,0.5692307692307692,0.6607142857142857,0.6115702479338843,29,28,19,37,65,0.5752212389380531,0.49122807017543857
Week 5 logistic,age_group,55-64,131,0.6880037932669512,0.7425766713293547,0.22551521259644744,0.6335877862595419,0.6857142857142857,0.6486486486486487,0.6666666666666666,35,22,26,48,70,0.5343511450381679,0.38596491228070173
Week 5 logistic,age_group,65+,201,0.6106315789473684,0.5259987616253881,0.24184942956201677,0.5522388059701493,0.4270833333333333,0.5394736842105263,0.47674418604651164,70,55,35,41,96,0.47761194029850745,0.44
Week 5 logistic,appointment_type,Diagnostic Test,103,0.6248114630467572,0.6820017014599203,0.23995401669761104,0.6019417475728155,0.6,0.6346153846153846,0.616822429906542,29,22,19,33,55,0.5339805825242718,0.43137254901960786
Week 5 logistic,appointment_type,Follow-up,222,0.7232406859846245,0.7771659068036447,0.20867878448235969,0.6666666666666666,0.7153284671532847,0.7368421052631579,0.725925925925926,50,39,35,98,137,0.6171171171171171,0.43820224719101125
Week 5 logistic,appointment_type,General Consultation,325,0.6429231124451628,0.5824956546945798,0.23312879348316773,0.5876923076923077,0.5263157894736842,0.5633802816901409,0.54421768707483,111,72,62,80,152,0.4676923076923077,0.39344262295081966
Week 5 logistic,appointment_type,Specialist Consultation,149,0.6183520599250937,0.5711944253921418,0.2426448012234171,0.5704697986577181,0.47297297297297297,0.5833333333333334,0.5223880597014925,50,39,25,35,74,0.4966442953020134,0.43820224719101125
No-history logistic,gender,Female,399,0.6228312798591903,0.6173737250003428,0.23958685047199169,0.568922305764411,0.5495495495495496,0.6288659793814433,0.5865384615384616,105,100,72,122,222,0.556390977443609,0.4878048780487805
No-history logistic,gender,Male,387,0.7063585359337429,0.6908605077535855,0.222130805041528,0.6537467700258398,0.6296296296296297,0.7157894736842105,0.6699507389162561,117,80,54,136,216,0.5581395348837209,0.40609137055837563
No-history logistic,gender,Prefer not to say,13,0.7333333333333334,0.5916666666666666,0.1952312190809756,0.6153846153846154,0.3333333333333333,0.6666666666666666,0.4444444444444444,6,4,1,2,6,0.46153846153846156,0.4
No-history logistic,age_group,18-24,99,0.669811320754717,0.7303493514268553,0.23092526812964773,0.6060606060606061,0.6458333333333334,0.5849056603773585,0.6138613861386139,29,17,22,31,48,0.48484848484848486,0.3695652173913043
No-history logistic,age_group,25-34,126,0.7257575757575758,0.6799679035777125,0.21848797391886404,0.6428571428571429,0.6086956521739131,0.7,0.6511627906976745,39,27,18,42,69,0.5476190476190477,0.4090909090909091
No-history logistic,age_group,35-44,129,0.6853905496624879,0.7119249375134138,0.22218021085269718,0.6046511627906976,0.6164383561643836,0.6617647058823529,0.6382978723404256,33,28,23,45,73,0.5658914728682171,0.45901639344262296
No-history logistic,age_group,45-54,113,0.6795112781954886,0.694983653907484,0.23296284670359763,0.6106194690265486,0.5857142857142857,0.7321428571428571,0.6507936507936508,28,29,15,41,70,0.6194690265486725,0.5087719298245614
No-history logistic,age_group,55-64,131,0.6733048838311997,0.7331331078181862,0.2276027585883183,0.6259541984732825,0.676056338028169,0.6486486486486487,0.6620689655172414,34,23,26,48,71,0.5419847328244275,0.40350877192982454
No-history logistic,age_group,65+,201,0.6134736842105263,0.5125924856796664,0.24330688669782355,0.5870646766169154,0.4690265486725664,0.6973684210526315,0.5608465608465608,65,60,23,53,113,0.5621890547263682,0.48
No-history logistic,appointment_type,Diagnostic Test,103,0.6372549019607844,0.6882497608964113,0.2407292445421551,0.5825242718446602,0.5818181818181818,0.6153846153846154,0.5981308411214953,28,23,20,32,55,0.5339805825242718,0.45098039215686275
No-history logistic,appointment_type,Follow-up,222,0.7381093182394187,0.7832367731626794,0.20788897954014413,0.7027027027027027,0.7248322147651006,0.8120300751879699,0.7659574468085106,48,41,25,108,149,0.6711711711711712,0.4606741573033708
No-history logistic,appointment_type,General Consultation,325,0.6161394597090741,0.5424897894773961,0.237874408888756,0.563076923076923,0.5,0.5633802816901409,0.5298013245033113,103,80,62,80,160,0.49230769230769234,0.4371584699453552
No-history logistic,appointment_type,Specialist Consultation,149,0.6312734082397004,0.5689975037405017,0.240551222837913,0.5973154362416108,0.5,0.6666666666666666,0.5714285714285714,49,40,20,40,80,0.5369127516778524,0.449438202247191
