threshold,n,roc_auc,average_precision,brier,accuracy,precision,recall,f1,tn,fp,fn,tp,flagged,flag_rate
0.0,1278,0.6496888446966449,0.6285562606208563,0.2343362421026524,0.5015649452269171,0.5015649452269171,1.0,0.6680562793121417,0,637,0,641,1278,1.0
0.005,1278,0.6496888446966449,0.6285562606208563,0.2343362421026524,0.5015649452269171,0.5015649452269171,1.0,0.6680562793121417,0,637,0,641,1278,1.0
0.01,1278,0.6496888446966449,0.6285562606208563,0.2343362421026524,0.5015649452269171,0.5015649452269171,1.0,0.6680562793121417,0,637,0,641,1278,1.0
0.015,1278,0.6496888446966449,0.6285562606208563,0.2343362421026524,0.5015649452269171,0.5015649452269171,1.0,0.6680562793121417,0,637,0,641,1278,1.0
0.02,1278,0.6496888446966449,0.6285562606208563,0.2343362421026524,0.5015649452269171,0.5015649452269171,1.0,0.6680562793121417,0,637,0,641,1278,1.0
0.025,1278,0.6496888446966449,0.6285562606208563,0.2343362421026524,0.5015649452269171,0.5015649452269171,1.0,0.6680562793121417,0,637,0,641,1278,1.0
0.03,1278,0.6496888446966449,0.6285562606208563,0.2343362421026524,0.5015649452269171,0.5015649452269171,1.0,0.6680562793121417,0,637,0,641,1278,1.0
0.035,1278,0.6496888446966449,0.6285562606208563,0.2343362421026524,0.5015649452269171,0.5015649452269171,1.0,0.6680562793121417,0,637,0,641,1278,1.0
0.04,1278,0.6496888446966449,0.6285562606208563,0.2343362421026524,0.5015649452269171,0.5015649452269171,1.0,0.6680562793121417,0,637,0,641,1278,1.0
0.045,1278,0.6496888446966449,0.6285562606208563,0.2343362421026524,0.5015649452269171,0.5015649452269171,1.0,0.6680562793121417,0,637,0,641,1278,1.0
0.05,1278,0.6496888446966449,0.6285562606208563,0.2343362421026524,0.5015649452269171,0.5015649452269171,1.0,0.6680562793121417,0,637,0,641,1278,1.0
0.055,1278,0.6496888446966449,0.6285562606208563,0.2343362421026524,0.5015649452269171,0.5015649452269171,1.0,0.6680562793121417,0,637,0,641,1278,1.0
0.06,1278,0.6496888446966449,0.6285562606208563,0.2343362421026524,0.5015649452269171,0.5015649452269171,1.0,0.6680562793121417,0,637,0,641,1278,1.0
0.065,1278,0.6496888446966449,0.6285562606208563,0.2343362421026524,0.5015649452269171,0.5015649452269171,1.0,0.6680562793121417,0,637,0,641,1278,1.0
0.07,1278,0.6496888446966449,0.6285562606208563,0.2343362421026524,0.5015649452269171,0.5015649452269171,1.0,0.6680562793121417,0,637,0,641,1278,1.0
0.075,1278,0.6496888446966449,0.6285562606208563,0.2343362421026524,0.5015649452269171,0.5015649452269171,1.0,0.6680562793121417,0,637,0,641,1278,1.0
0.08,1278,0.6496888446966449,0.6285562606208563,0.2343362421026524,0.5015649452269171,0.5015649452269171,1.0,0.6680562793121417,0,637,0,641,1278,1.0
0.085,1278,0.6496888446966449,0.6285562606208563,0.2343362421026524,0.5007824726134585,0.5011746280344558,0.9984399375975039,0.6673618352450469,0,637,1,640,1277,0.9992175273865415
0.09,1278,0.6496888446966449,0.6285562606208563,0.2343362421026524,0.5,0.5007836990595611,0.9968798751950078,0.6666666666666666,0,637,2,639,1276,0.9984350547730829
0.095,1278,0.6496888446966449,0.6285562606208563,0.2343362421026524,0.5023474178403756,0.5019638648860958,0.9968798751950078,0.6677115987460815,3,634,2,639,1273,0.9960876369327074
0.1,1278,0.6496888446966449,0.6285562606208563,0.2343362421026524,0.5031298904538342,0.5023659305993691,0.9937597503900156,0.6673651126244107,6,631,4,637,1268,0.9921752738654147
0.105,1278,0.6496888446966449,0.6285562606208563,0.2343362421026524,0.5046948356807511,0.5031595576619273,0.9937597503900156,0.6680650235972732,8,629,4,637,1266,0.9906103286384976
0.11,1278,0.6496888446966449,0.6285562606208563,0.2343362421026524,0.5046948356807511,0.5031746031746032,0.9890795631825273,0.667017359284587,11,626,7,634,1260,0.9859154929577465
0.115,1278,0.6496888446966449,0.6285562606208563,0.2343362421026524,0.5046948356807511,0.5031746031746032,0.9890795631825273,0.667017359284587,11,626,7,634,1260,0.9859154929577465
0.12,1278,0.6496888446966449,0.6285562606208563,0.2343362421026524,0.5054773082942097,0.5035742652899127,0.9890795631825273,0.6673684210526316,12,625,7,634,1259,0.985133020344288
0.125,1278,0.6496888446966449,0.6285562606208563,0.2343362421026524,0.5046948356807511,0.5031796502384738,0.9875195007800313,0.6666666666666666,12,625,8,633,1258,0.9843505477308294
0.13,1278,0.6496888446966449,0.6285562606208563,0.2343362421026524,0.5054773082942097,0.5035799522673031,0.9875195007800313,0.667017913593256,13,624,8,633,1257,0.9835680751173709
0.135,1278,0.6496888446966449,0.6285562606208563,0.2343362421026524,0.5078247261345853,0.5047846889952153,0.9875195007800313,0.6680738786279683,16,621,8,633,1254,0.9812206572769953
0.14,1278,0.6496888446966449,0.6285562606208563,0.2343362421026524,0.5086071987480438,0.5051875498802874,0.9875195007800313,0.6684266103484688,17,620,8,633,1253,0.9804381846635368
0.145,1278,0.6496888446966449,0.6285562606208563,0.2343362421026524,0.5086071987480438,0.5051875498802874,0.9875195007800313,0.6684266103484688,17,620,8,633,1253,0.9804381846635368
0.15,1278,0.6496888446966449,0.6285562606208563,0.2343362421026524,0.5093896713615024,0.505591054313099,0.9875195007800313,0.6687797147385103,18,619,8,633,1252,0.9796557120500783
0.155,1278,0.6496888446966449,0.6285562606208563,0.2343362421026524,0.5125195618153364,0.5072115384615384,0.9875195007800313,0.6701958708311275,22,615,8,633,1248,0.9765258215962441
0.16,1278,0.6496888446966449,0.6285562606208563,0.2343362421026524,0.5109546165884195,0.5064205457463884,0.984399375975039,0.6687864334923158,22,615,10,631,1246,0.974960876369327
0.165,1278,0.6496888446966449,0.6285562606208563,0.2343362421026524,0.513302034428795,0.5076427996781979,0.984399375975039,0.6698513800424628,25,612,10,631,1243,0.9726134585289515
0.17,1278,0.6496888446966449,0.6285562606208563,0.2343362421026524,0.5156494522691706,0.5088709677419355,0.984399375975039,0.6709197235513025,28,609,10,631,1240,0.9702660406885759
0.17500000000000002,1278,0.6496888446966449,0.6285562606208563,0.2343362421026524,0.5187793427230047,0.5105348460291734,0.982839313572543,0.672,33,604,11,630,1234,0.9655712050078247
0.18,1278,0.6496888446966449,0.6285562606208563,0.2343362421026524,0.5187793427230047,0.510551948051948,0.9812792511700468,0.6716497597437266,34,603,12,629,1232,0.9640062597809077
0.185,1278,0.6496888446966449,0.6285562606208563,0.2343362421026524,0.5179968701095462,0.5101543460601138,0.9797191887675507,0.6709401709401709,34,603,13,628,1231,0.9632237871674492
0.19,1278,0.6496888446966449,0.6285562606208563,0.2343362421026524,0.5187793427230047,0.510569105691057,0.9797191887675507,0.6712987707108499,35,602,13,628,1230,0.9624413145539906
0.195,1278,0.6496888446966449,0.6285562606208563,0.2343362421026524,0.5219092331768388,0.5122549019607843,0.9781591263650546,0.6723860589812333,40,597,14,627,1224,0.9577464788732394
0.2,1278,0.6496888446966449,0.6285562606208563,0.2343362421026524,0.5242566510172144,0.5135135135135135,0.9781591263650546,0.673469387755102,43,594,14,627,1221,0.9553990610328639
0.20500000000000002,1278,0.6496888446966449,0.6285562606208563,0.2343362421026524,0.5242566510172144,0.5135356849876949,0.9765990639625585,0.6731182795698925,44,593,15,626,1219,0.9538341158059468
0.21,1278,0.6496888446966449,0.6285562606208563,0.2343362421026524,0.5258215962441315,0.514379622021364,0.9765990639625585,0.673842841765339,46,591,15,626,1217,0.9522691705790297
0.215,1278,0.6496888446966449,0.6285562606208563,0.2343362421026524,0.52660406885759,0.514827018121911,0.9750390015600624,0.6738544474393531,48,589,16,625,1214,0.9499217527386542
0.22,1278,0.6496888446966449,0.6285562606208563,0.2343362421026524,0.52660406885759,0.5148760330578512,0.9719188767550702,0.6731496488384657,50,587,18,623,1210,0.94679186228482
0.225,1278,0.6496888446966449,0.6285562606208563,0.2343362421026524,0.5273865414710485,0.5153019023986766,0.9719188767550702,0.6735135135135135,51,586,18,623,1209,0.9460093896713615
0.23,1278,0.6496888446966449,0.6285562606208563,0.2343362421026524,0.5297339593114241,0.5166112956810631,0.9703588143525741,0.6742547425474255,55,582,19,622,1204,0.9420970266040689
0.23500000000000001,1278,0.6496888446966449,0.6285562606208563,0.2343362421026524,0.5320813771517997,0.5179615705931495,0.9672386895475819,0.6746463547334058,60,577,21,620,1197,0.9366197183098591
0.24,1278,0.6496888446966449,0.6285562606208563,0.2343362421026524,0.5352112676056338,0.5196982397317687,0.9672386895475819,0.6761177753544165,64,573,21,620,1193,0.9334898278560251
0.245,1278,0.6496888446966449,0.6285562606208563,0.2343362421026524,0.5336463223787168,0.518955349620893,0.9609984399375975,0.6739606126914661,66,571,25,616,1187,0.9287949921752738
0.25,1278,0.6496888446966449,0.6285562606208563,0.2343362421026524,0.5383411580594679,0.5216284987277354,0.9594383775351014,0.6758241758241759,73,564,26,615,1179,0.9225352112676056
0.255,1278,0.6496888446966449,0.6285562606208563,0.2343362421026524,0.5438184663536776,0.5247440273037542,0.9594383775351014,0.6784335355763927,80,557,26,615,1172,0.917057902973396
0.26,1278,0.6496888446966449,0.6285562606208563,0.2343362421026524,0.5453834115805947,0.5256410256410257,0.9594383775351014,0.6791827719491993,82,555,26,615,1170,0.9154929577464789
0.265,1278,0.6496888446966449,0.6285562606208563,0.2343362421026524,0.5477308294209703,0.527038626609442,0.9578783151326054,0.6799557032115172,86,551,27,614,1165,0.9115805946791862
0.27,1278,0.6496888446966449,0.6285562606208563,0.2343362421026524,0.5508607198748043,0.5289541918755402,0.9547581903276131,0.6807563959955506,92,545,29,612,1157,0.905320813771518
0.275,1278,0.6496888446966449,0.6285562606208563,0.2343362421026524,0.5516431924882629,0.5294627383015598,0.953198127925117,0.6807799442896936,94,543,30,611,1154,0.9029733959311425
0.28,1278,0.6496888446966449,0.6285562606208563,0.2343362421026524,0.55320813771518,0.5304347826086957,0.9516380655226209,0.6811836962590732,97,540,31,610,1150,0.8998435054773083
0.28500000000000003,1278,0.6496888446966449,0.6285562606208563,0.2343362421026524,0.5555555555555556,0.5318221447253705,0.9516380655226209,0.6823266219239373,100,537,31,610,1147,0.8974960876369327
0.29,1278,0.6496888446966449,0.6285562606208563,0.2343362421026524,0.554773082942097,0.531523642732049,0.9469578783151326,0.680874929893438,102,535,34,607,1142,0.8935837245696401
0.295,1278,0.6496888446966449,0.6285562606208563,0.2343362421026524,0.5571205007824727,0.5329815303430079,0.9453978159126365,0.6816647919010124,106,531,35,606,1137,0.8896713615023474
0.3,1278,0.6496888446966449,0.6285562606208563,0.2343362421026524,0.554773082942097,0.5318021201413428,0.9391575663026521,0.6790750141003948,107,530,39,602,1132,0.8857589984350548
0.305,1278,0.6496888446966449,0.6285562606208563,0.2343362421026524,0.5579029733959311,0.5338078291814946,0.9360374414976599,0.6798866855524079,113,524,41,600,1124,0.8794992175273866
0.31,1278,0.6496888446966449,0.6285562606208563,0.2343362421026524,0.5586854460093896,0.5344673231871083,0.9313572542901716,0.6791808873720137,117,520,44,597,1117,0.8740219092331768
0.315,1278,0.6496888446966449,0.6285562606208563,0.2343362421026524,0.5594679186228482,0.5350719424460432,0.9282371294851794,0.6788362806617227,120,517,46,595,1112,0.8701095461658842
0.32,1278,0.6496888446966449,0.6285562606208563,0.2343362421026524,0.5594679186228482,0.5353260869565217,0.921996879875195,0.6773638968481376,124,513,50,591,1104,0.863849765258216
0.325,1278,0.6496888446966449,0.6285562606208563,0.2343362421026524,0.5571205007824727,0.5341219290263877,0.9157566302652106,0.674712643678161,125,512,54,587,1099,0.8599374021909233
0.33,1278,0.6496888446966449,0.6285562606208563,0.2343362421026524,0.5563380281690141,0.5337591240875912,0.9126365054602185,0.6735751295336787,126,511,56,585,1096,0.8575899843505478
0.335,1278,0.6496888446966449,0.6285562606208563,0.2343362421026524,0.5579029733959311,0.5349907918968693,0.906396255850234,0.6728430804863926,132,505,60,581,1086,0.8497652582159625
0.34,1278,0.6496888446966449,0.6285562606208563,0.2343362421026524,0.5579029733959311,0.5352504638218923,0.9001560062402496,0.6713205351948808,136,501,64,577,1078,0.8435054773082942
0.34500000000000003,1278,0.6496888446966449,0.6285562606208563,0.2343362421026524,0.5618153364632238,0.5378858746492049,0.8970358814352574,0.672514619883041,143,494,66,575,1069,0.8364632237871674
0.35000000000000003,1278,0.6496888446966449,0.6285562606208563,0.2343362421026524,0.564945226917058,0.5400565504241281,0.8939157566302652,0.6733254994124559,149,488,68,573,1061,0.8302034428794992
0.355,1278,0.6496888446966449,0.6285562606208563,0.2343362421026524,0.5665101721439749,0.5410764872521246,0.8939157566302652,0.6741176470588235,151,486,68,573,1059,0.8286384976525821
0.36,1278,0.6496888446966449,0.6285562606208563,0.2343362421026524,0.5665101721439749,0.5413891531874405,0.8876755070202809,0.6725768321513003,155,482,72,569,1051,0.8223787167449139
0.365,1278,0.6496888446966449,0.6285562606208563,0.2343362421026524,0.564945226917058,0.5409047160731473,0.8767550702028081,0.669047619047619,160,477,79,562,1039,0.8129890453834115
0.37,1278,0.6496888446966449,0.6285562606208563,0.2343362421026524,0.5665101721439749,0.542192046556741,0.8720748829953198,0.6686602870813397,165,472,82,559,1031,0.8067292644757433
0.375,1278,0.6496888446966449,0.6285562606208563,0.2343362421026524,0.5704225352112676,0.5451866404715128,0.8658346333853354,0.6690777576853526,174,463,86,555,1018,0.7965571205007824
0.38,1278,0.6496888446966449,0.6285562606208563,0.2343362421026524,0.5727699530516432,0.5470763131813677,0.8611544461778471,0.6690909090909091,180,457,89,552,1009,0.7895148669796557
0.385,1278,0.6496888446966449,0.6285562606208563,0.2343362421026524,0.5743348982785602,0.5484515484515484,0.8564742589703588,0.6686967113276492,185,452,92,549,1001,0.7832550860719875
0.39,1278,0.6496888446966449,0.6285562606208563,0.2343362421026524,0.5751173708920188,0.5492957746478874,0.8517940717628705,0.6678899082568808,189,448,95,546,994,0.7777777777777778
0.395,1278,0.6496888446966449,0.6285562606208563,0.2343362421026524,0.5758998435054773,0.550253807106599,0.8455538221528861,0.6666666666666666,194,443,99,542,985,0.770735524256651
0.4,1278,0.6496888446966449,0.6285562606208563,0.2343362421026524,0.5774647887323944,0.5515832482124617,0.8424336973478939,0.6666666666666666,198,439,101,540,979,0.7660406885758998
0.405,1278,0.6496888446966449,0.6285562606208563,0.2343362421026524,0.5782472613458529,0.5522540983606558,0.8408736349453978,0.6666666666666666,200,437,102,539,976,0.7636932707355243
0.41000000000000003,1278,0.6496888446966449,0.6285562606208563,0.2343362421026524,0.5821596244131455,0.5553257497414684,0.8377535101404057,0.667910447761194,207,430,104,537,967,0.7566510172143975
0.41500000000000004,1278,0.6496888446966449,0.6285562606208563,0.2343362421026524,0.5852895148669797,0.5579937304075235,0.8330733229329174,0.6683354192740926,214,423,107,534,957,0.7488262910798122
0.42,1278,0.6496888446966449,0.6285562606208563,0.2343362421026524,0.5845070422535211,0.5581395348837209,0.8237129485179407,0.665406427221172,219,418,113,528,946,0.7402190923317684
0.425,1278,0.6496888446966449,0.6285562606208563,0.2343362421026524,0.5876369327073553,0.5607675906183369,0.8205928237129485,0.6662444585180494,225,412,115,526,938,0.7339593114241002
0.43,1278,0.6496888446966449,0.6285562606208563,0.2343362421026524,0.5923317683881064,0.5647948164146869,0.8159126365054602,0.6675175494575623,234,403,118,523,926,0.7245696400625978
0.435,1278,0.6496888446966449,0.6285562606208563,0.2343362421026524,0.5938967136150235,0.5664488017429193,0.8112324492979719,0.6670942912123156,239,398,121,520,918,0.7183098591549296
0.44,1278,0.6496888446966449,0.6285562606208563,0.2343362421026524,0.593114241001565,0.5669988925802879,0.7987519500780031,0.6632124352331606,246,391,129,512,903,0.7065727699530516
0.445,1278,0.6496888446966449,0.6285562606208563,0.2343362421026524,0.593114241001565,0.5683615819209039,0.7847113884555382,0.6592398427260813,255,382,138,503,885,0.6924882629107981
0.45,1278,0.6496888446966449,0.6285562606208563,0.2343362421026524,0.5923317683881064,0.5691244239631337,0.7706708268330733,0.6547382372432075,263,374,147,494,868,0.6791862284820032
0.455,1278,0.6496888446966449,0.6285562606208563,0.2343362421026524,0.5970266040688575,0.5735981308411215,0.765990639625585,0.6559786239144957,272,365,150,491,856,0.6697965571205008
0.46,1278,0.6496888446966449,0.6285562606208563,0.2343362421026524,0.5978090766823161,0.5751479289940828,0.7581903276131046,0.6541049798115747,278,359,155,486,845,0.661189358372457
0.465,1278,0.6496888446966449,0.6285562606208563,0.2343362421026524,0.5993740219092332,0.5774309723889556,0.750390015600624,0.6526458616010855,285,352,160,481,833,0.6517996870109546
0.47000000000000003,1278,0.6496888446966449,0.6285562606208563,0.2343362421026524,0.5978090766823161,0.5775335775335775,0.7379095163806553,0.647945205479452,291,346,168,473,819,0.6408450704225352
0.47500000000000003,1278,0.6496888446966449,0.6285562606208563,0.2343362421026524,0.6048513302034428,0.585,0.7301092043681747,0.6495489243580846,305,332,173,468,800,0.6259780907668232
0.48,1278,0.6496888446966449,0.6285562606208563,0.2343362421026524,0.6103286384976526,0.5913154533844189,0.7223088923556942,0.6502808988764045,317,320,178,463,783,0.6126760563380281
0.485,1278,0.6496888446966449,0.6285562606208563,0.2343362421026524,0.6173708920187794,0.5981912144702842,0.7223088923556942,0.6544169611307421,326,311,178,463,774,0.6056338028169014
0.49,1278,0.6496888446966449,0.6285562606208563,0.2343362421026524,0.6173708920187794,0.6005291005291006,0.7082683307332294,0.6499642090193272,335,302,187,454,756,0.5915492957746479
0.495,1278,0.6496888446966449,0.6285562606208563,0.2343362421026524,0.6181533646322379,0.6026845637583893,0.7004680187207488,0.6479076479076479,341,296,192,449,745,0.582942097026604
0.5,1278,0.6496888446966449,0.6285562606208563,0.2343362421026524,0.6205007824726134,0.6083333333333333,0.6833073322932918,0.6436443791329904,355,282,203,438,720,0.5633802816901409
0.505,1278,0.6496888446966449,0.6285562606208563,0.2343362421026524,0.621283255086072,0.611032531824611,0.6739469578783152,0.6409495548961425,362,275,209,432,707,0.55320813771518
0.51,1278,0.6496888446966449,0.6285562606208563,0.2343362421026524,0.6181533646322379,0.6110304789550073,0.656786271450858,0.6330827067669172,369,268,220,421,689,0.5391236306729265
0.515,1278,0.6496888446966449,0.6285562606208563,0.2343362421026524,0.6189358372456965,0.6142433234421365,0.6458658346333853,0.629657794676806,377,260,227,414,674,0.5273865414710485
0.52,1278,0.6496888446966449,0.6285562606208563,0.2343362421026524,0.6158059467918623,0.6132930513595166,0.6333853354134166,0.6231772831926324,381,256,235,406,662,0.5179968701095462
0.525,1278,0.6496888446966449,0.6285562606208563,0.2343362421026524,0.6165884194053208,0.6163328197226502,0.62402496099844,0.6201550387596899,388,249,241,400,649,0.5078247261345853
0.53,1278,0.6496888446966449,0.6285562606208563,0.2343362421026524,0.6126760563380281,0.6158730158730159,0.6053042121684867,0.6105428796223447,395,242,253,388,630,0.49295774647887325
0.535,1278,0.6496888446966449,0.6285562606208563,0.2343362421026524,0.6118935837245696,0.6175040518638574,0.594383775351014,0.6057233704292527,401,236,260,381,617,0.48278560250391234
0.54,1278,0.6496888446966449,0.6285562606208563,0.2343362421026524,0.6118935837245696,0.6214405360134003,0.5787831513260531,0.5993537964458805,411,226,270,371,597,0.4671361502347418
0.545,1278,0.6496888446966449,0.6285562606208563,0.2343362421026524,0.6118935837245696,0.6252158894645942,0.5647425897035881,0.5934426229508196,420,217,279,362,579,0.45305164319248825
0.55,1278,0.6496888446966449,0.6285562606208563,0.2343362421026524,0.6103286384976526,0.6274509803921569,0.5491419656786272,0.5856905158069884,428,209,289,352,561,0.43896713615023475
0.555,1278,0.6496888446966449,0.6285562606208563,0.2343362421026524,0.607981220657277,0.6296296296296297,0.5304212168486739,0.5757832345469941,437,200,301,340,540,0.4225352112676056
0.56,1278,0.6496888446966449,0.6285562606208563,0.2343362421026524,0.6025039123630673,0.627151051625239,0.5117004680187207,0.563573883161512,442,195,313,328,523,0.40923317683881066
0.5650000000000001,1278,0.6496888446966449,0.6285562606208563,0.2343362421026524,0.6009389671361502,0.6286836935166994,0.49921996879875197,0.5565217391304348,448,189,321,320,509,0.3982785602503912
0.5700000000000001,1278,0.6496888446966449,0.6285562606208563,0.2343362421026524,0.6064162754303599,0.6396761133603239,0.49297971918876754,0.5568281938325991,459,178,325,316,494,0.3865414710485133
0.5750000000000001,1278,0.6496888446966449,0.6285562606208563,0.2343362421026524,0.6001564945226917,0.6348547717842323,0.47737909516380655,0.5449688334817453,461,176,335,306,482,0.37715179968701096
0.58,1278,0.6496888446966449,0.6285562606208563,0.2343362421026524,0.593114241001565,0.6306695464362851,0.45553822152886114,0.5289855072463768,466,171,349,292,463,0.3622848200312989
0.585,1278,0.6496888446966449,0.6285562606208563,0.2343362421026524,0.5907668231611893,0.634090909090909,0.43525741029641185,0.5161887141535615,476,161,362,279,440,0.3442879499217527
0.59,1278,0.6496888446966449,0.6285562606208563,0.2343362421026524,0.5899843505477308,0.6402877697841727,0.4165366614664587,0.504725897920605,487,150,374,267,417,0.32629107981220656
0.595,1278,0.6496888446966449,0.6285562606208563,0.2343362421026524,0.5852895148669797,0.640506329113924,0.39469578783151327,0.48841698841698844,495,142,388,253,395,0.30907668231611896
0.6,1278,0.6496888446966449,0.6285562606208563,0.2343362421026524,0.5868544600938967,0.6531165311653117,0.37597503900156004,0.4772277227722772,509,128,400,241,369,0.2887323943661972
0.605,1278,0.6496888446966449,0.6285562606208563,0.2343362421026524,0.5852895148669797,0.6627565982404692,0.35257410296411856,0.46028513238289204,522,115,415,226,341,0.2668231611893584
0.61,1278,0.6496888446966449,0.6285562606208563,0.2343362421026524,0.5743348982785602,0.6520376175548589,0.3244929797191888,0.43333333333333335,526,111,433,208,319,0.24960876369327073
0.615,1278,0.6496888446966449,0.6285562606208563,0.2343362421026524,0.5774647887323944,0.6711864406779661,0.3088923556942278,0.4230769230769231,540,97,443,198,295,0.23082942097026604
0.62,1278,0.6496888446966449,0.6285562606208563,0.2343362421026524,0.5758998435054773,0.6826568265682657,0.28861154446177845,0.4057017543859649,551,86,456,185,271,0.21205007824726135
0.625,1278,0.6496888446966449,0.6285562606208563,0.2343362421026524,0.568075117370892,0.678714859437751,0.26365054602184085,0.3797752808988764,557,80,472,169,249,0.19483568075117372
0.63,1278,0.6496888446966449,0.6285562606208563,0.2343362421026524,0.5641627543035994,0.6842105263157895,0.24336973478939158,0.35903337169159955,565,72,485,156,228,0.1784037558685446
0.635,1278,0.6496888446966449,0.6285562606208563,0.2343362421026524,0.5641627543035994,0.7038834951456311,0.22620904836193448,0.34238488783943327,576,61,496,145,206,0.16118935837245696
0.64,1278,0.6496888446966449,0.6285562606208563,0.2343362421026524,0.5633802816901409,0.7172774869109948,0.21372854914196568,0.3293269230769231,583,54,504,137,191,0.14945226917057902
0.645,1278,0.6496888446966449,0.6285562606208563,0.2343362421026524,0.5563380281690141,0.7102272727272727,0.19500780031201248,0.30599755201958384,586,51,516,125,176,0.13771517996870108
0.65,1278,0.6496888446966449,0.6285562606208563,0.2343362421026524,0.55320813771518,0.7243589743589743,0.17628705148205928,0.2835633626097867,594,43,528,113,156,0.12206572769953052
0.655,1278,0.6496888446966449,0.6285562606208563,0.2343362421026524,0.5414710485133021,0.7007299270072993,0.1497659906396256,0.2467866323907455,596,41,545,96,137,0.10719874804381847
0.66,1278,0.6496888446966449,0.6285562606208563,0.2343362421026524,0.5344287949921753,0.6916666666666667,0.1294851794071763,0.21813403416557162,600,37,558,83,120,0.09389671361502347
0.665,1278,0.6496888446966449,0.6285562606208563,0.2343362421026524,0.5305164319248826,0.6952380952380952,0.11388455538221529,0.19571045576407506,605,32,568,73,105,0.08215962441314555
0.67,1278,0.6496888446966449,0.6285562606208563,0.2343362421026524,0.5258215962441315,0.6881720430107527,0.0998439937597504,0.17438692098092642,608,29,577,64,93,0.07276995305164319
0.675,1278,0.6496888446966449,0.6285562606208563,0.2343362421026524,0.5242566510172144,0.7037037037037037,0.08892355694227769,0.15789473684210525,613,24,584,57,81,0.06338028169014084
0.68,1278,0.6496888446966449,0.6285562606208563,0.2343362421026524,0.5187793427230047,0.696969696969697,0.0717628705148206,0.13012729844413012,617,20,595,46,66,0.051643192488262914
0.685,1278,0.6496888446966449,0.6285562606208563,0.2343362421026524,0.5172143974960877,0.7,0.0655226209048362,0.11982881597717546,619,18,599,42,60,0.046948356807511735
0.6900000000000001,1278,0.6496888446966449,0.6285562606208563,0.2343362421026524,0.5156494522691706,0.7115384615384616,0.057722308892355696,0.10678210678210678,622,15,604,37,52,0.0406885758998435
0.6950000000000001,1278,0.6496888446966449,0.6285562606208563,0.2343362421026524,0.513302034428795,0.7111111111111111,0.0499219968798752,0.09329446064139942,624,13,609,32,45,0.035211267605633804
0.7000000000000001,1278,0.6496888446966449,0.6285562606208563,0.2343362421026524,0.5125195618153364,0.7142857142857143,0.046801872074883,0.08784773060029283,625,12,611,30,42,0.03286384976525822
0.705,1278,0.6496888446966449,0.6285562606208563,0.2343362421026524,0.5078247261345853,0.6764705882352942,0.0358814352574103,0.06814814814814815,626,11,618,23,34,0.026604068857589983
0.71,1278,0.6496888446966449,0.6285562606208563,0.2343362421026524,0.5054773082942097,0.68,0.0265210608424337,0.05105105105105105,629,8,624,17,25,0.019561815336463225
0.715,1278,0.6496888446966449,0.6285562606208563,0.2343362421026524,0.5023474178403756,0.6470588235294118,0.0171606864274571,0.03343465045592705,631,6,630,11,17,0.013302034428794992
0.72,1278,0.6496888446966449,0.6285562606208563,0.2343362421026524,0.5015649452269171,0.6428571428571429,0.014040561622464899,0.02748091603053435,632,5,632,9,14,0.010954616588419406
0.725,1278,0.6496888446966449,0.6285562606208563,0.2343362421026524,0.5023474178403756,0.6923076923076923,0.014040561622464899,0.027522935779816515,633,4,632,9,13,0.010172143974960876
0.73,1278,0.6496888446966449,0.6285562606208563,0.2343362421026524,0.5007824726134585,0.6666666666666666,0.0093603744149766,0.018461538461538463,634,3,635,6,9,0.007042253521126761
0.735,1278,0.6496888446966449,0.6285562606208563,0.2343362421026524,0.5023474178403756,0.8571428571428571,0.0093603744149766,0.018518518518518517,636,1,635,6,7,0.005477308294209703
0.74,1278,0.6496888446966449,0.6285562606208563,0.2343362421026524,0.5015649452269171,0.8333333333333334,0.0078003120124804995,0.015455950540958269,636,1,636,5,6,0.004694835680751174
0.745,1278,0.6496888446966449,0.6285562606208563,0.2343362421026524,0.5015649452269171,0.8333333333333334,0.0078003120124804995,0.015455950540958269,636,1,636,5,6,0.004694835680751174
0.75,1278,0.6496888446966449,0.6285562606208563,0.2343362421026524,0.5007824726134585,0.8,0.0062402496099844,0.01238390092879257,636,1,637,4,5,0.003912363067292645
0.755,1278,0.6496888446966449,0.6285562606208563,0.2343362421026524,0.49921752738654146,0.6666666666666666,0.0031201248049922,0.006211180124223602,636,1,639,2,3,0.002347417840375587
0.76,1278,0.6496888446966449,0.6285562606208563,0.2343362421026524,0.4984350547730829,0.5,0.0015600624024961,0.003110419906687403,636,1,640,1,2,0.001564945226917058
0.765,1278,0.6496888446966449,0.6285562606208563,0.2343362421026524,0.4984350547730829,0.5,0.0015600624024961,0.003110419906687403,636,1,640,1,2,0.001564945226917058
0.77,1278,0.6496888446966449,0.6285562606208563,0.2343362421026524,0.4984350547730829,0.5,0.0015600624024961,0.003110419906687403,636,1,640,1,2,0.001564945226917058
0.775,1278,0.6496888446966449,0.6285562606208563,0.2343362421026524,0.4984350547730829,0.5,0.0015600624024961,0.003110419906687403,636,1,640,1,2,0.001564945226917058
0.78,1278,0.6496888446966449,0.6285562606208563,0.2343362421026524,0.4984350547730829,0.5,0.0015600624024961,0.003110419906687403,636,1,640,1,2,0.001564945226917058
0.785,1278,0.6496888446966449,0.6285562606208563,0.2343362421026524,0.4984350547730829,0.5,0.0015600624024961,0.003110419906687403,636,1,640,1,2,0.001564945226917058
0.79,1278,0.6496888446966449,0.6285562606208563,0.2343362421026524,0.4984350547730829,0.5,0.0015600624024961,0.003110419906687403,636,1,640,1,2,0.001564945226917058
0.795,1278,0.6496888446966449,0.6285562606208563,0.2343362421026524,0.49765258215962443,0.0,0.0,0.0,636,1,641,0,1,0.000782472613458529
0.8,1278,0.6496888446966449,0.6285562606208563,0.2343362421026524,0.4984350547730829,0.0,0.0,0.0,637,0,641,0,0,0.0
0.805,1278,0.6496888446966449,0.6285562606208563,0.2343362421026524,0.4984350547730829,0.0,0.0,0.0,637,0,641,0,0,0.0
0.81,1278,0.6496888446966449,0.6285562606208563,0.2343362421026524,0.4984350547730829,0.0,0.0,0.0,637,0,641,0,0,0.0
0.8150000000000001,1278,0.6496888446966449,0.6285562606208563,0.2343362421026524,0.4984350547730829,0.0,0.0,0.0,637,0,641,0,0,0.0
0.8200000000000001,1278,0.6496888446966449,0.6285562606208563,0.2343362421026524,0.4984350547730829,0.0,0.0,0.0,637,0,641,0,0,0.0
0.8250000000000001,1278,0.6496888446966449,0.6285562606208563,0.2343362421026524,0.4984350547730829,0.0,0.0,0.0,637,0,641,0,0,0.0
0.8300000000000001,1278,0.6496888446966449,0.6285562606208563,0.2343362421026524,0.4984350547730829,0.0,0.0,0.0,637,0,641,0,0,0.0
0.835,1278,0.6496888446966449,0.6285562606208563,0.2343362421026524,0.4984350547730829,0.0,0.0,0.0,637,0,641,0,0,0.0
0.84,1278,0.6496888446966449,0.6285562606208563,0.2343362421026524,0.4984350547730829,0.0,0.0,0.0,637,0,641,0,0,0.0
0.845,1278,0.6496888446966449,0.6285562606208563,0.2343362421026524,0.4984350547730829,0.0,0.0,0.0,637,0,641,0,0,0.0
0.85,1278,0.6496888446966449,0.6285562606208563,0.2343362421026524,0.4984350547730829,0.0,0.0,0.0,637,0,641,0,0,0.0
0.855,1278,0.6496888446966449,0.6285562606208563,0.2343362421026524,0.4984350547730829,0.0,0.0,0.0,637,0,641,0,0,0.0
0.86,1278,0.6496888446966449,0.6285562606208563,0.2343362421026524,0.4984350547730829,0.0,0.0,0.0,637,0,641,0,0,0.0
0.865,1278,0.6496888446966449,0.6285562606208563,0.2343362421026524,0.4984350547730829,0.0,0.0,0.0,637,0,641,0,0,0.0
0.87,1278,0.6496888446966449,0.6285562606208563,0.2343362421026524,0.4984350547730829,0.0,0.0,0.0,637,0,641,0,0,0.0
0.875,1278,0.6496888446966449,0.6285562606208563,0.2343362421026524,0.4984350547730829,0.0,0.0,0.0,637,0,641,0,0,0.0
0.88,1278,0.6496888446966449,0.6285562606208563,0.2343362421026524,0.4984350547730829,0.0,0.0,0.0,637,0,641,0,0,0.0
0.885,1278,0.6496888446966449,0.6285562606208563,0.2343362421026524,0.4984350547730829,0.0,0.0,0.0,637,0,641,0,0,0.0
0.89,1278,0.6496888446966449,0.6285562606208563,0.2343362421026524,0.4984350547730829,0.0,0.0,0.0,637,0,641,0,0,0.0
0.895,1278,0.6496888446966449,0.6285562606208563,0.2343362421026524,0.4984350547730829,0.0,0.0,0.0,637,0,641,0,0,0.0
0.9,1278,0.6496888446966449,0.6285562606208563,0.2343362421026524,0.4984350547730829,0.0,0.0,0.0,637,0,641,0,0,0.0
0.905,1278,0.6496888446966449,0.6285562606208563,0.2343362421026524,0.4984350547730829,0.0,0.0,0.0,637,0,641,0,0,0.0
0.91,1278,0.6496888446966449,0.6285562606208563,0.2343362421026524,0.4984350547730829,0.0,0.0,0.0,637,0,641,0,0,0.0
0.915,1278,0.6496888446966449,0.6285562606208563,0.2343362421026524,0.4984350547730829,0.0,0.0,0.0,637,0,641,0,0,0.0
0.92,1278,0.6496888446966449,0.6285562606208563,0.2343362421026524,0.4984350547730829,0.0,0.0,0.0,637,0,641,0,0,0.0
0.925,1278,0.6496888446966449,0.6285562606208563,0.2343362421026524,0.4984350547730829,0.0,0.0,0.0,637,0,641,0,0,0.0
0.93,1278,0.6496888446966449,0.6285562606208563,0.2343362421026524,0.4984350547730829,0.0,0.0,0.0,637,0,641,0,0,0.0
0.935,1278,0.6496888446966449,0.6285562606208563,0.2343362421026524,0.4984350547730829,0.0,0.0,0.0,637,0,641,0,0,0.0
0.9400000000000001,1278,0.6496888446966449,0.6285562606208563,0.2343362421026524,0.4984350547730829,0.0,0.0,0.0,637,0,641,0,0,0.0
0.9450000000000001,1278,0.6496888446966449,0.6285562606208563,0.2343362421026524,0.4984350547730829,0.0,0.0,0.0,637,0,641,0,0,0.0
0.9500000000000001,1278,0.6496888446966449,0.6285562606208563,0.2343362421026524,0.4984350547730829,0.0,0.0,0.0,637,0,641,0,0,0.0
0.9550000000000001,1278,0.6496888446966449,0.6285562606208563,0.2343362421026524,0.4984350547730829,0.0,0.0,0.0,637,0,641,0,0,0.0
0.96,1278,0.6496888446966449,0.6285562606208563,0.2343362421026524,0.4984350547730829,0.0,0.0,0.0,637,0,641,0,0,0.0
0.965,1278,0.6496888446966449,0.6285562606208563,0.2343362421026524,0.4984350547730829,0.0,0.0,0.0,637,0,641,0,0,0.0
0.97,1278,0.6496888446966449,0.6285562606208563,0.2343362421026524,0.4984350547730829,0.0,0.0,0.0,637,0,641,0,0,0.0
0.975,1278,0.6496888446966449,0.6285562606208563,0.2343362421026524,0.4984350547730829,0.0,0.0,0.0,637,0,641,0,0,0.0
0.98,1278,0.6496888446966449,0.6285562606208563,0.2343362421026524,0.4984350547730829,0.0,0.0,0.0,637,0,641,0,0,0.0
0.985,1278,0.6496888446966449,0.6285562606208563,0.2343362421026524,0.4984350547730829,0.0,0.0,0.0,637,0,641,0,0,0.0
0.99,1278,0.6496888446966449,0.6285562606208563,0.2343362421026524,0.4984350547730829,0.0,0.0,0.0,637,0,641,0,0,0.0
0.995,1278,0.6496888446966449,0.6285562606208563,0.2343362421026524,0.4984350547730829,0.0,0.0,0.0,637,0,641,0,0,0.0
1.0,1278,0.6496888446966449,0.6285562606208563,0.2343362421026524,0.4984350547730829,0.0,0.0,0.0,637,0,641,0,0,0.0
